n,d,degree,seed,basis_size_m,generator_type,solver,method,round,status,value,solve_time,wall_time,error,basis_condition,is_success,finite_value,sos_value,gap_to_sos,rel_gap_to_sos
2,2,4,0,6,hard_sos_random_psd_gram,CLARABEL,sos,0,optimal,0.13356823602446713,0.0005598,0.02202593709807843,,1.0,True,0.13356823602446713,0.13356823602446713,0.0,0.0
2,2,4,0,6,hard_sos_random_psd_gram,CLARABEL,sdsos_plus,0,optimal,-694.2488907512202,0.001020892,0.06318713794462383,,1.0,True,-694.2488907512202,0.13356823602446713,694.3824589872446,694.3824589872446
2,2,4,0,6,hard_sos_random_psd_gram,CLARABEL,sos_basis_sdsos,0,optimal,0.13356818190933675,0.000466301,0.08299569098744541,,99306.91720194806,True,0.13356818190933675,0.13356823602446713,5.411513037678617e-08,5.411513037678617e-08
2,2,4,1,6,hard_sos_random_psd_gram,CLARABEL,sos,0,optimal,0.017193560585397647,0.000533081,0.017595179961062968,,1.0,True,0.017193560585397647,0.017193560585397647,0.0,0.0
2,2,4,1,6,hard_sos_random_psd_gram,CLARABEL,sdsos_plus,0,infeasible,-inf,0.000931003,0.06216629408299923,,1.0,False,,0.017193560585397647,,
2,2,4,1,6,hard_sos_random_psd_gram,CLARABEL,sos_basis_sdsos,0,optimal,0.017192779716520702,0.000470998,0.06459368602372706,,190809.29066327555,True,0.017192779716520702,0.017193560585397647,7.808688769449235e-07,7.808688769449235e-07
2,2,4,2,6,hard_sos_random_psd_gram,CLARABEL,sos,0,optimal,0.005101027504257142,0.000396955,0.01776578009594232,,1.0,True,0.005101027504257142,0.005101027504257142,0.0,0.0
2,2,4,2,6,hard_sos_random_psd_gram,CLARABEL,sdsos_plus,0,infeasible,-inf,0.000893966,0.06282930099405348,,1.0,False,,0.005101027504257142,,
2,2,4,2,6,hard_sos_random_psd_gram,CLARABEL,sos_basis_sdsos,0,optimal,0.005100993248333416,0.000486524,0.06341441092081368,,333107.4696038697,True,0.005100993248333416,0.005101027504257142,3.425592372610642e-08,3.425592372610642e-08
2,2,4,3,6,hard_sos_random_psd_gram,CLARABEL,sos,0,optimal,0.04129795093797926,0.000397653,0.04169854894280434,,1.0,True,0.04129795093797926,0.04129795093797926,0.0,0.0
2,2,4,3,6,hard_sos_random_psd_gram,CLARABEL,sdsos_plus,0,optimal,-2185.907019231919,0.001085517,0.06355650804471225,,1.0,True,-2185.907019231919,0.04129795093797926,2185.948317182857,2185.948317182857
2,2,4,3,6,hard_sos_random_psd_gram,CLARABEL,sos_basis_sdsos,0,optimal,0.04129777521745947,0.000451669,0.06473199801985174,,342670.80730234756,True,0.04129777521745947,0.04129795093797926,1.757205197877587e-07,1.757205197877587e-07
2,2,4,4,6,hard_sos_random_psd_gram,CLARABEL,sos,0,optimal,0.019903160084920744,0.000457083,0.01749118708539754,,1.0,True,0.019903160084920744,0.019903160084920744,0.0,0.0
2,2,4,4,6,hard_sos_random_psd_gram,CLARABEL,sdsos_plus,0,optimal_inaccurate,-1544.4073839530045,0.001113303,0.0752824479714036,,1.0,True,-1544.4073839530045,0.019903160084920744,1544.4272871130893,1544.4272871130893
2,2,4,4,6,hard_sos_random_psd_gram,CLARABEL,sos_basis_sdsos,0,optimal,0.01990284233434635,0.000483671,0.0677824520971626,,254878.79426038027,True,0.01990284233434635,0.019903160084920744,3.1775057439398235e-07,3.1775057439398235e-07
2,2,4,5,6,hard_sos_random_psd_gram,CLARABEL,sos,0,optimal,0.10451342088703804,0.000518776,0.01776887197047472,,1.0,True,0.10451342088703804,0.10451342088703804,0.0,0.0
2,2,4,5,6,hard_sos_random_psd_gram,CLARABEL,sdsos_plus,0,optimal,-818.7509438030094,0.00090501,0.08935732604004443,,1.0,True,-818.7509438030094,0.10451342088703804,818.8554572238965,818.8554572238965
2,2,4,5,6,hard_sos_random_psd_gram,CLARABEL,sos_basis_sdsos,0,optimal,0.10451339144693242,0.000474256,0.06655784591566771,,197809.14656652478,True,0.10451339144693242,0.10451342088703804,2.9440105617228873e-08,2.9440105617228873e-08
2,2,4,6,6,hard_sos_random_psd_gram,CLARABEL,sos,0,optimal,0.004662027611842004,0.000436002,0.017373963026329875,,1.0,True,0.004662027611842004,0.004662027611842004,0.0,0.0
2,2,4,6,6,hard_sos_random_psd_gram,CLARABEL,sdsos_plus,0,infeasible,-inf,0.001195111,0.06338290998246521,,1.0,False,,0.004662027611842004,,
2,2,4,6,6,hard_sos_random_psd_gram,CLARABEL,sos_basis_sdsos,0,optimal,0.004661798847114119,0.000542695,0.06417964107822627,,370003.7518760926,True,0.004661798847114119,0.004662027611842004,2.287647278848698e-07,2.287647278848698e-07
2,2,4,7,6,hard_sos_random_psd_gram,CLARABEL,sos,0,optimal,0.010404534592431994,0.000351301,0.018033519037999213,,1.0,True,0.010404534592431994,0.010404534592431994,0.0,0.0
2,2,4,7,6,hard_sos_random_psd_gram,CLARABEL,sdsos_plus,0,optimal,-0.15456169113051127,0.000474764,0.06293870799709111,,1.0,True,-0.15456169113051127,0.010404534592431994,0.16496622572294325,0.16496622572294325
2,2,4,7,6,hard_sos_random_psd_gram,CLARABEL,sos_basis_sdsos,0,optimal,0.010404523848001845,0.000553161,0.08506329800002277,,141530.563272346,True,0.010404523848001845,0.010404534592431994,1.0744430149409179e-08,1.0744430149409179e-08
2,2,4,8,6,hard_sos_random_psd_gram,CLARABEL,sos,0,optimal,0.008717496225461044,0.000562086,0.02986563101876527,,1.0,True,0.008717496225461044,0.008717496225461044,0.0,0.0
2,2,4,8,6,hard_sos_random_psd_gram,CLARABEL,sdsos_plus,0,optimal_inaccurate,-73602.64183541239,0.00135959,0.0812334360089153,,1.0,True,-73602.64183541239,0.008717496225461044,73602.65055290861,73602.65055290861
2,2,4,8,6,hard_sos_random_psd_gram,CLARABEL,sos_basis_sdsos,0,optimal,0.00871726658924911,0.000568281,0.07992020505480468,,350872.1108845769,True,0.00871726658924911,0.008717496225461044,2.2963621193299033e-07,2.2963621193299033e-07
2,2,4,9,6,hard_sos_random_psd_gram,CLARABEL,sos,0,optimal,0.050991406012857905,0.000406118,0.022042136057280004,,1.0,True,0.050991406012857905,0.050991406012857905,0.0,0.0
2,2,4,9,6,hard_sos_random_psd_gram,CLARABEL,sdsos_plus,0,infeasible,-inf,0.000965008,0.06833118491340429,,1.0,False,,0.050991406012857905,,
2,2,4,9,6,hard_sos_random_psd_gram,CLARABEL,sos_basis_sdsos,0,optimal,0.050991341654187824,0.000642041,0.06920601101592183,,238727.8399370962,True,0.050991341654187824,0.050991406012857905,6.435867008075524e-08,6.435867008075524e-08
2,3,6,0,10,hard_sos_random_psd_gram,CLARABEL,sos,0,optimal,0.0875351427330895,0.001393984,0.07185074605513364,,1.0,True,0.0875351427330895,0.0875351427330895,0.0,0.0
2,3,6,0,10,hard_sos_random_psd_gram,CLARABEL,sdsos_plus,0,infeasible,-inf,0.003502725,0.27663396298885345,,1.0,False,,0.0875351427330895,,
2,3,6,0,10,hard_sos_random_psd_gram,CLARABEL,sos_basis_sdsos,0,optimal,0.0875350777687731,0.002156277,0.31122021505143493,,270289.4554469258,True,0.0875350777687731,0.0875351427330895,6.49643163985747e-08,6.49643163985747e-08
2,3,6,1,10,hard_sos_random_psd_gram,CLARABEL,sos,0,optimal,0.3162570678272185,0.00112715,0.04785247799009085,,1.0,True,0.3162570678272185,0.3162570678272185,0.0,0.0
2,3,6,1,10,hard_sos_random_psd_gram,CLARABEL,sdsos_plus,0,exception,,,0.3342133539263159,"SolverError(""Solver 'CLARABEL' failed. Try another solver, or solve with verbose=True for more information."")",1.0,False,,0.3162570678272185,,
2,3,6,1,10,hard_sos_random_psd_gram,CLARABEL,sos_basis_sdsos,0,optimal,0.3162571086053182,0.003159242,0.3558335230918601,,9242.287433901738,True,0.3162571086053182,0.3162570678272185,-4.0778099674732005e-08,-4.0778099674732005e-08
2,3,6,2,10,hard_sos_random_psd_gram,CLARABEL,sos,0,optimal,0.20285759705218245,0.002776543,0.07436424598563462,,1.0,True,0.20285759705218245,0.20285759705218245,0.0,0.0
2,3,6,2,10,hard_sos_random_psd_gram,CLARABEL,sdsos_plus,0,exception,,,0.37792417500168085,"SolverError(""Solver 'CLARABEL' failed. Try another solver, or solve with verbose=True for more information."")",1.0,False,,0.20285759705218245,,
2,3,6,2,10,hard_sos_random_psd_gram,CLARABEL,sos_basis_sdsos,0,optimal,0.20285754204218867,0.002923727,0.2986025359714404,,351729.28691979754,True,0.20285754204218867,0.20285759705218245,5.500999378238447e-08,5.500999378238447e-08
2,3,6,3,10,hard_sos_random_psd_gram,CLARABEL,sos,0,optimal,0.09391231331712989,0.002206738,0.06375417206436396,,1.0,True,0.09391231331712989,0.09391231331712989,0.0,0.0
2,3,6,3,10,hard_sos_random_psd_gram,CLARABEL,sdsos_plus,0,optimal,-94246.40852763278,0.005954995,0.3051604820648208,,1.0,True,-94246.40852763278,0.09391231331712989,94246.5024399461,94246.5024399461
2,3,6,3,10,hard_sos_random_psd_gram,CLARABEL,sos_basis_sdsos,0,optimal,0.09391227494918984,0.003677609,0.3400818620575592,,497246.16800079495,True,0.09391227494918984,0.09391231331712989,3.8367940047301374e-08,3.8367940047301374e-08
2,3,6,4,10,hard_sos_random_psd_gram,CLARABEL,sos,0,optimal,0.020012561071006185,0.002439351,0.08691552293021232,,1.0,True,0.020012561071006185,0.020012561071006185,0.0,0.0
2,3,6,4,10,hard_sos_random_psd_gram,CLARABEL,sdsos_plus,0,optimal,-3566.272447638653,0.004679663,0.33733626001048833,,1.0,True,-3566.272447638653,0.020012561071006185,3566.292460199724,3566.292460199724
2,3,6,4,10,hard_sos_random_psd_gram,CLARABEL,sos_basis_sdsos,0,exception,,,0.3681628330377862,"SolverError(""Solver 'CLARABEL' failed. Try another solver, or solve with verbose=True for more information."")",332929.908018064,False,,0.020012561071006185,,
2,3,6,5,10,hard_sos_random_psd_gram,CLARABEL,sos,0,optimal,0.18507480594764875,0.002113506,0.07138932996895164,,1.0,True,0.18507480594764875,0.18507480594764875,0.0,0.0
2,3,6,5,10,hard_sos_random_psd_gram,CLARABEL,sdsos_plus,0,infeasible,-inf,0.006086275,0.32335395796690136,,1.0,False,,0.18507480594764875,,
2,3,6,5,10,hard_sos_random_psd_gram,CLARABEL,sos_basis_sdsos,0,optimal,0.18507372855261026,0.003024199,0.32035727007314563,,284978.61808921763,True,0.18507372855261026,0.18507480594764875,1.0773950384901365e-06,1.0773950384901365e-06
2,3,6,6,10,hard_sos_random_psd_gram,CLARABEL,sos,0,optimal,0.16311526639638813,0.002158324,0.06419214804191142,,1.0,True,0.16311526639638813,0.16311526639638813,0.0,0.0
2,3,6,6,10,hard_sos_random_psd_gram,CLARABEL,sdsos_plus,0,optimal_inaccurate,-290881.088184785,0.005924218,0.3031655610539019,,1.0,True,-290881.088184785,0.16311526639638813,290881.2513000514,290881.2513000514
2,3,6,6,10,hard_sos_random_psd_gram,CLARABEL,sos_basis_sdsos,0,optimal,0.1631152274764733,0.003349182,0.32060337101574987,,404941.73932994844,True,0.1631152274764733,0.16311526639638813,3.8919914818746904e-08,3.8919914818746904e-08
2,3,6,7,10,hard_sos_random_psd_gram,CLARABEL,sos,0,optimal,0.41496124455536243,0.002200253,0.07022779795806855,,1.0,True,0.41496124455536243,0.41496124455536243,0.0,0.0
2,3,6,7,10,hard_sos_random_psd_gram,CLARABEL,sdsos_plus,0,optimal,-6474.6665773668665,0.006444708,0.3585219030501321,,1.0,True,-6474.6665773668665,0.41496124455536243,6475.081538611422,6475.081538611422
2,3,6,7,10,hard_sos_random_psd_gram,CLARABEL,sos_basis_sdsos,0,optimal,0.4149612136278365,0.003648443,0.3505507060326636,,192634.226274852,True,0.4149612136278365,0.41496124455536243,3.092752592914749e-08,3.092752592914749e-08
2,3,6,8,10,hard_sos_random_psd_gram,CLARABEL,sos,0,optimal,1.2983432085837912,0.002223075,0.06482180999591947,,1.0,True,1.2983432085837912,1.2983432085837912,0.0,0.0
2,3,6,8,10,hard_sos_random_psd_gram,CLARABEL,sdsos_plus,0,exception,,,0.31204985291697085,"SolverError(""Solver 'CLARABEL' failed. Try another solver, or solve with verbose=True for more information."")",1.0,False,,1.2983432085837912,,
2,3,6,8,10,hard_sos_random_psd_gram,CLARABEL,sos_basis_sdsos,0,optimal,1.2983430661512905,0.002984389,0.32849938701838255,,405868.8222265503,True,1.2983430661512905,1.2983432085837912,1.4243250068268765e-07,1.0970327394252741e-07
2,3,6,9,10,hard_sos_random_psd_gram,CLARABEL,sos,0,optimal,0.19725515012254075,0.001858808,0.09938349900767207,,1.0,True,0.19725515012254075,0.19725515012254075,0.0,0.0
2,3,6,9,10,hard_sos_random_psd_gram,CLARABEL,sdsos_plus,0,optimal_inaccurate,-271002.70533447753,0.00694046,0.30320924101397395,,1.0,True,-271002.70533447753,0.19725515012254075,271002.90258962766,271002.90258962766
2,3,6,9,10,hard_sos_random_psd_gram,CLARABEL,sos_basis_sdsos,0,optimal,0.19725510189106743,0.001400411,0.22263548197224736,,288055.93021632405,True,0.19725510189106743,0.19725515012254075,4.8231473315230033e-08,4.8231473315230033e-08
3,2,4,0,10,hard_sos_random_psd_gram,CLARABEL,sos,0,optimal,0.0535615856661635,0.001281297,0.038882524939253926,,1.0,True,0.0535615856661635,0.0535615856661635,0.0,0.0
3,2,4,0,10,hard_sos_random_psd_gram,CLARABEL,sdsos_plus,0,infeasible,-inf,0.003071881,0.24705175799317658,,1.0,False,,0.0535615856661635,,
3,2,4,0,10,hard_sos_random_psd_gram,CLARABEL,sos_basis_sdsos,0,optimal,0.05356136069745539,0.002160643,0.20316936599556357,,268679.31347203924,True,0.05356136069745539,0.0535615856661635,2.249687081137819e-07,2.249687081137819e-07
3,2,4,1,10,hard_sos_random_psd_gram,CLARABEL,sos,0,optimal,0.17728612697417714,0.001425339,0.039723637979477644,,1.0,True,0.17728612697417714,0.17728612697417714,0.0,0.0
3,2,4,1,10,hard_sos_random_psd_gram,CLARABEL,sdsos_plus,0,infeasible,-inf,0.004008544,0.20831105404067785,,1.0,False,,0.17728612697417714,,
3,2,4,1,10,hard_sos_random_psd_gram,CLARABEL,sos_basis_sdsos,0,exception,,,0.17592580802738667,"SolverError(""Solver 'CLARABEL' failed. Try another solver, or solve with verbose=True for more information."")",232813.29126306874,False,,0.17728612697417714,,
3,2,4,2,10,hard_sos_random_psd_gram,CLARABEL,sos,0,optimal,0.19192774288537487,0.001471516,0.04235640703700483,,1.0,True,0.19192774288537487,0.19192774288537487,0.0,0.0
3,2,4,2,10,hard_sos_random_psd_gram,CLARABEL,sdsos_plus,0,infeasible,-inf,0.004039316,0.22357605397701263,,1.0,False,,0.19192774288537487,,
3,2,4,2,10,hard_sos_random_psd_gram,CLARABEL,sos_basis_sdsos,0,optimal,0.19192770007585339,0.002111421,0.18694511603098363,,343548.4895679851,True,0.19192770007585339,0.19192774288537487,4.280952148327799e-08,4.280952148327799e-08
3,2,4,3,10,hard_sos_random_psd_gram,CLARABEL,sos,0,optimal,0.2381900737877591,0.001396579,0.06536216498352587,,1.0,True,0.2381900737877591,0.2381900737877591,0.0,0.0
3,2,4,3,10,hard_sos_random_psd_gram,CLARABEL,sdsos_plus,0,infeasible,-inf,0.002838961,0.1743458160199225,,1.0,False,,0.2381900737877591,,
3,2,4,3,10,hard_sos_random_psd_gram,CLARABEL,sos_basis_sdsos,0,optimal,0.23819001327550876,0.002016219,0.2057617889950052,,520045.0923695023,True,0.23819001327550876,0.2381900737877591,6.051225034942043e-08,6.051225034942043e-08
3,2,4,4,10,hard_sos_random_psd_gram,CLARABEL,sos,0,optimal,0.06693108504161498,0.001328896,0.04240274999756366,,1.0,True,0.06693108504161498,0.06693108504161498,0.0,0.0
3,2,4,4,10,hard_sos_random_psd_gram,CLARABEL,sdsos_plus,0,infeasible,-inf,0.00291015,0.18930596206337214,,1.0,False,,0.06693108504161498,,
3,2,4,4,10,hard_sos_random_psd_gram,CLARABEL,sos_basis_sdsos,0,optimal,0.06693106690908274,0.002043117,0.2744759670458734,,317035.64497969236,True,0.06693106690908274,0.06693108504161498,1.813253223958977e-08,1.813253223958977e-08
3,2,4,5,10,hard_sos_random_psd_gram,CLARABEL,sos,0,optimal,0.2378493338328289,0.001158987,0.040518964058719575,,1.0,True,0.2378493338328289,0.2378493338328289,0.0,0.0
3,2,4,5,10,hard_sos_random_psd_gram,CLARABEL,sdsos_plus,0,infeasible,-inf,0.002612423,0.19772259204182774,,1.0,False,,0.2378493338328289,,
3,2,4,5,10,hard_sos_random_psd_gram,CLARABEL,sos_basis_sdsos,0,optimal,0.23784885879957665,0.002146137,0.1851816059788689,,285274.3786474276,True,0.23784885879957665,0.2378493338328289,4.750332522618361e-07,4.750332522618361e-07
3,2,4,6,10,hard_sos_random_psd_gram,CLARABEL,sos,0,optimal,0.1050436848725114,0.001272618,0.040844626957550645,,1.0,True,0.1050436848725114,0.1050436848725114,0.0,0.0
3,2,4,6,10,hard_sos_random_psd_gram,CLARABEL,sdsos_plus,0,infeasible,-inf,0.002526481,0.20884102198760957,,1.0,False,,0.1050436848725114,,
3,2,4,6,10,hard_sos_random_psd_gram,CLARABEL,sos_basis_sdsos,0,optimal,0.10504361510584068,0.002165102,0.1975428609875962,,415779.3739882368,True,0.10504361510584068,0.1050436848725114,6.976667071834086e-08,6.976667071834086e-08
3,2,4,7,10,hard_sos_random_psd_gram,CLARABEL,sos,0,optimal,0.4114843197129773,0.001554597,0.07006724295206368,,1.0,True,0.4114843197129773,0.4114843197129773,0.0,0.0
3,2,4,7,10,hard_sos_random_psd_gram,CLARABEL,sdsos_plus,0,infeasible,-inf,0.003061194,0.1851549770217389,,1.0,False,,0.4114843197129773,,
3,2,4,7,10,hard_sos_random_psd_gram,CLARABEL,sos_basis_sdsos,0,optimal,0.4114842263267579,0.002277785,0.21139125910121948,,226924.98433168035,True,0.4114842263267579,0.4114843197129773,9.338621936860747e-08,9.338621936860747e-08
3,2,4,8,10,hard_sos_random_psd_gram,CLARABEL,sos,0,optimal,0.39352232947100013,0.001451138,0.041426582960411906,,1.0,True,0.39352232947100013,0.39352232947100013,0.0,0.0
3,2,4,8,10,hard_sos_random_psd_gram,CLARABEL,sdsos_plus,0,infeasible,-inf,0.002882683,0.17913591500837356,,1.0,False,,0.39352232947100013,,
3,2,4,8,10,hard_sos_random_psd_gram,CLARABEL,sos_basis_sdsos,0,optimal,0.39352227451741584,0.001956146,0.2100343689089641,,400135.6558562277,True,0.39352227451741584,0.39352232947100013,5.4953584294192837e-08,5.4953584294192837e-08
3,2,4,9,10,hard_sos_random_psd_gram,CLARABEL,sos,0,optimal,0.02430601769467259,0.001017274,0.04801093798596412,,1.0,True,0.02430601769467259,0.02430601769467259,0.0,0.0
3,2,4,9,10,hard_sos_random_psd_gram,CLARABEL,sdsos_plus,0,infeasible,-inf,0.002889333,0.22308832011185586,,1.0,False,,0.02430601769467259,,
3,2,4,9,10,hard_sos_random_psd_gram,CLARABEL,sos_basis_sdsos,0,optimal,0.02430566409255566,0.00260088,0.1919326800853014,,299361.09603148984,True,0.02430566409255566,0.02430601769467259,3.5360211693077903e-07,3.5360211693077903e-07
3,3,6,0,20,hard_sos_random_psd_gram,CLARABEL,sos,0,optimal,0.09464872760638993,0.015778766,0.17521246895194054,,1.0,True,0.09464872760638993,0.09464872760638993,0.0,0.0
3,3,6,0,20,hard_sos_random_psd_gram,CLARABEL,sdsos_plus,0,infeasible,-inf,0.017129711,0.7945109499851242,,1.0,False,,0.09464872760638993,,
3,3,6,0,20,hard_sos_random_psd_gram,CLARABEL,sos_basis_sdsos,0,exception,,,1.399029153981246,"SolverError(""Solver 'CLARABEL' failed. Try another solver, or solve with verbose=True for more information."")",351387.69346007425,False,,0.09464872760638993,,
3,3,6,1,20,hard_sos_random_psd_gram,CLARABEL,sos,0,optimal,0.8788840292015525,0.012458903,0.172299838042818,,1.0,True,0.8788840292015525,0.8788840292015525,0.0,0.0
3,3,6,1,20,hard_sos_random_psd_gram,CLARABEL,sdsos_plus,0,infeasible,-inf,0.020937215,0.8084678099257872,,1.0,False,,0.8788840292015525,,
3,3,6,1,20,hard_sos_random_psd_gram,CLARABEL,sos_basis_sdsos,0,optimal,0.8788838571607722,0.022673065,1.51878227700945,,406581.64341169904,True,0.8788838571607722,0.8788840292015525,1.7204078028854042e-07,1.7204078028854042e-07
3,3,6,2,20,hard_sos_random_psd_gram,CLARABEL,sos,0,optimal,0.8882317976408242,0.013907806,0.1831449669552967,,1.0,True,0.8882317976408242,0.8882317976408242,0.0,0.0
3,3,6,2,20,hard_sos_random_psd_gram,CLARABEL,sdsos_plus,0,infeasible_inaccurate,-inf,0.036995544,0.8795306909596547,,1.0,False,,0.8882317976408242,,
3,3,6,2,20,hard_sos_random_psd_gram,CLARABEL,sos_basis_sdsos,0,optimal,0.8882317008612485,0.023327228,1.674205890041776,,366995.9196324407,True,0.8882317008612485,0.8882317976408242,9.677957568676732e-08,9.677957568676732e-08
3,3,6,3,20,hard_sos_random_psd_gram,CLARABEL,sos,0,optimal,1.2313509024024458,0.015881105,0.2209583519725129,,1.0,True,1.2313509024024458,1.2313509024024458,0.0,0.0
3,3,6,3,20,hard_sos_random_psd_gram,CLARABEL,sdsos_plus,0,infeasible,-inf,0.019626351,0.821188825997524,,1.0,False,,1.2313509024024458,,
3,3,6,3,20,hard_sos_random_psd_gram,CLARABEL,sos_basis_sdsos,0,optimal,1.23135070167419,0.022797024,1.429484645021148,,528482.1346206603,True,1.23135070167419,1.2313509024024458,2.0072825579475762e-07,1.6301466576515573e-07
3,3,6,4,20,hard_sos_random_psd_gram,CLARABEL,sos,0,optimal,0.6954793719144259,0.01523722,0.16827254998497665,,1.0,True,0.6954793719144259,0.6954793719144259,0.0,0.0
3,3,6,4,20,hard_sos_random_psd_gram,CLARABEL,sdsos_plus,0,infeasible,-inf,0.017119971,1.1576024350943044,,1.0,False,,0.6954793719144259,,
3,3,6,4,20,hard_sos_random_psd_gram,CLARABEL,sos_basis_sdsos,0,exception,,,1.5883137279888615,"SolverError(""Solver 'CLARABEL' failed. Try another solver, or solve with verbose=True for more information."")",454512.5573303006,False,,0.6954793719144259,,
3,3,6,5,20,hard_sos_random_psd_gram,CLARABEL,sos,0,optimal,0.6077902483834954,0.014424066,0.15613960404880345,,1.0,True,0.6077902483834954,0.6077902483834954,0.0,0.0
3,3,6,5,20,hard_sos_random_psd_gram,CLARABEL,sdsos_plus,0,infeasible,-inf,0.015584729,0.7988076279871166,,1.0,False,,0.6077902483834954,,
3,3,6,5,20,hard_sos_random_psd_gram,CLARABEL,sos_basis_sdsos,0,exception,,,1.4024718360742554,"SolverError(""Solver 'CLARABEL' failed. Try another solver, or solve with verbose=True for more information."")",401090.6882296399,False,,0.6077902483834954,,
3,3,6,6,20,hard_sos_random_psd_gram,CLARABEL,sos,0,optimal,1.037508905962692,0.016636079,0.15608204901218414,,1.0,True,1.037508905962692,1.037508905962692,0.0,0.0
3,3,6,6,20,hard_sos_random_psd_gram,CLARABEL,sdsos_plus,0,infeasible,-inf,0.01533452,0.7956461519934237,,1.0,False,,1.037508905962692,,
3,3,6,6,20,hard_sos_random_psd_gram,CLARABEL,sos_basis_sdsos,0,exception,,,1.4061100920662284,"SolverError(""Solver 'CLARABEL' failed. Try another solver, or solve with verbose=True for more information."")",485968.10487871204,False,,1.037508905962692,,
3,3,6,7,20,hard_sos_random_psd_gram,CLARABEL,sos,0,optimal,1.1265965229055428,0.016120954,0.15753715496975929,,1.0,True,1.1265965229055428,1.1265965229055428,0.0,0.0
3,3,6,7,20,hard_sos_random_psd_gram,CLARABEL,sdsos_plus,0,infeasible,-inf,0.018693841,0.7993757999502122,,1.0,False,,1.1265965229055428,,
3,3,6,7,20,hard_sos_random_psd_gram,CLARABEL,sos_basis_sdsos,0,exception,,,1.4749792169313878,"SolverError(""Solver 'CLARABEL' failed. Try another solver, or solve with verbose=True for more information."")",354916.3354718865,False,,1.1265965229055428,,
3,3,6,8,20,hard_sos_random_psd_gram,CLARABEL,sos,0,optimal,3.1162690064658203,0.015860084,0.17218101397156715,,1.0,True,3.1162690064658203,3.1162690064658203,0.0,0.0
3,3,6,8,20,hard_sos_random_psd_gram,CLARABEL,sdsos_plus,0,infeasible,-inf,0.016934198,0.8100459899287671,,1.0,False,,3.1162690064658203,,
3,3,6,8,20,hard_sos_random_psd_gram,CLARABEL,sos_basis_sdsos,0,optimal,3.116268230301659,0.020682882,1.4584842140320688,,498673.2419277352,True,3.116268230301659,3.1162690064658203,7.761641613868164e-07,2.490684083358609e-07
3,3,6,9,20,hard_sos_random_psd_gram,CLARABEL,sos,0,optimal,0.379070626322176,0.0216952,0.16676402697339654,,1.0,True,0.379070626322176,0.379070626322176,0.0,0.0
3,3,6,9,20,hard_sos_random_psd_gram,CLARABEL,sdsos_plus,0,infeasible,-inf,0.016554054,0.8172803109046072,,1.0,False,,0.379070626322176,,
3,3,6,9,20,hard_sos_random_psd_gram,CLARABEL,sos_basis_sdsos,0,optimal,0.37907011558317855,0.022612646,1.4914919160073623,,502709.4789653468,True,0.37907011558317855,0.379070626322176,5.107389974279286e-07,5.107389974279286e-07
4,2,4,0,15,hard_sos_random_psd_gram,CLARABEL,sos,0,optimal,0.22377895228826603,0.005517708,0.0957926589762792,,1.0,True,0.22377895228826603,0.22377895228826603,0.0,0.0
4,2,4,0,15,hard_sos_random_psd_gram,CLARABEL,sdsos_plus,0,infeasible,-inf,0.006923651,0.4443656939547509,,1.0,False,,0.22377895228826603,,
4,2,4,0,15,hard_sos_random_psd_gram,CLARABEL,sos_basis_sdsos,0,optimal,0.22377816855879562,0.009595588,0.5495929770404473,,367387.08016482374,True,0.22377816855879562,0.22377895228826603,7.83729470404948e-07,7.83729470404948e-07
4,2,4,1,15,hard_sos_random_psd_gram,CLARABEL,sos,0,optimal,0.2256467788225595,0.007041969,0.09235440997872502,,1.0,True,0.2256467788225595,0.2256467788225595,0.0,0.0
4,2,4,1,15,hard_sos_random_psd_gram,CLARABEL,sdsos_plus,0,infeasible,-inf,0.006265673,0.44005515798926353,,1.0,False,,0.2256467788225595,,
4,2,4,1,15,hard_sos_random_psd_gram,CLARABEL,sos_basis_sdsos,0,exception,,,0.5383562790229917,"SolverError(""Solver 'CLARABEL' failed. Try another solver, or solve with verbose=True for more information."")",284896.11280967837,False,,0.2256467788225595,,
4,2,4,2,15,hard_sos_random_psd_gram,CLARABEL,sos,0,optimal,0.32482297653411174,0.005590428,0.09130950307007879,,1.0,True,0.32482297653411174,0.32482297653411174,0.0,0.0
4,2,4,2,15,hard_sos_random_psd_gram,CLARABEL,sdsos_plus,0,infeasible,-inf,0.006539315,0.44291674403939396,,1.0,False,,0.32482297653411174,,
4,2,4,2,15,hard_sos_random_psd_gram,CLARABEL,sos_basis_sdsos,0,exception,,,0.5082039980916306,"SolverError(""Solver 'CLARABEL' failed. Try another solver, or solve with verbose=True for more information."")",384567.71449962945,False,,0.32482297653411174,,
4,2,4,3,15,hard_sos_random_psd_gram,CLARABEL,sos,0,optimal,0.02995690833595356,0.005661606,0.11600650509353727,,1.0,True,0.02995690833595356,0.02995690833595356,0.0,0.0
4,2,4,3,15,hard_sos_random_psd_gram,CLARABEL,sdsos_plus,0,infeasible,-inf,0.006542614,0.44675062596797943,,1.0,False,,0.02995690833595356,,
4,2,4,3,15,hard_sos_random_psd_gram,CLARABEL,sos_basis_sdsos,0,optimal,0.029956823032810165,0.011692397,0.5363024469697848,,547474.9636728447,True,0.029956823032810165,0.02995690833595356,8.530314339616485e-08,8.530314339616485e-08
4,2,4,4,15,hard_sos_random_psd_gram,CLARABEL,sos,0,optimal,0.3207964559872227,0.006065815,0.11408216995187104,,1.0,True,0.3207964559872227,0.3207964559872227,0.0,0.0
4,2,4,4,15,hard_sos_random_psd_gram,CLARABEL,sdsos_plus,0,infeasible,-inf,0.007109052,0.44225843402091414,,1.0,False,,0.3207964559872227,,
4,2,4,4,15,hard_sos_random_psd_gram,CLARABEL,sos_basis_sdsos,0,optimal,0.32079639899428647,0.009553624,0.5252432100242004,,412967.8121559451,True,0.32079639899428647,0.3207964559872227,5.6992936203759115e-08,5.6992936203759115e-08
4,2,4,5,15,hard_sos_random_psd_gram,CLARABEL,sos,0,optimal,0.20063632471369605,0.005453087,0.11220820597372949,,1.0,True,0.20063632471369605,0.20063632471369605,0.0,0.0
4,2,4,5,15,hard_sos_random_psd_gram,CLARABEL,sdsos_plus,0,infeasible,-inf,0.006497893,0.4428024560911581,,1.0,False,,0.20063632471369605,,
4,2,4,5,15,hard_sos_random_psd_gram,CLARABEL,sos_basis_sdsos,0,exception,,,0.5163491299608722,"SolverError(""Solver 'CLARABEL' failed. Try another solver, or solve with verbose=True for more information."")",348613.6024640514,False,,0.20063632471369605,,
4,2,4,6,15,hard_sos_random_psd_gram,CLARABEL,sos,0,optimal,0.22233129995862638,0.006745196,0.09402116504497826,,1.0,True,0.22233129995862638,0.22233129995862638,0.0,0.0
4,2,4,6,15,hard_sos_random_psd_gram,CLARABEL,sdsos_plus,0,infeasible,-inf,0.007048248,0.45448527904227376,,1.0,False,,0.22233129995862638,,
4,2,4,6,15,hard_sos_random_psd_gram,CLARABEL,sos_basis_sdsos,0,exception,,,0.517128280014731,"SolverError(""Solver 'CLARABEL' failed. Try another solver, or solve with verbose=True for more information."")",428582.43251928233,False,,0.22233129995862638,,
4,2,4,7,15,hard_sos_random_psd_gram,CLARABEL,sos,0,optimal,0.19312970974605911,0.004912005,0.09136728406883776,,1.0,True,0.19312970974605911,0.19312970974605911,0.0,0.0
4,2,4,7,15,hard_sos_random_psd_gram,CLARABEL,sdsos_plus,0,infeasible,-inf,0.007959568,0.4471282250015065,,1.0,False,,0.19312970974605911,,
4,2,4,7,15,hard_sos_random_psd_gram,CLARABEL,sos_basis_sdsos,0,optimal,0.19312965986481084,0.009276898,0.5468269950943068,,318714.95268589444,True,0.19312965986481084,0.19312970974605911,4.9881248270766676e-08,4.9881248270766676e-08
4,2,4,8,15,hard_sos_random_psd_gram,CLARABEL,sos,0,optimal,0.11230781099592119,0.005393118,0.09160596795845777,,1.0,True,0.11230781099592119,0.11230781099592119,0.0,0.0
4,2,4,8,15,hard_sos_random_psd_gram,CLARABEL,sdsos_plus,0,infeasible,-inf,0.006573749,0.4759370650863275,,1.0,False,,0.11230781099592119,,
4,2,4,8,15,hard_sos_random_psd_gram,CLARABEL,sos_basis_sdsos,0,optimal,0.11230775254017357,0.009122145,0.5276883239857852,,477696.5240886785,True,0.11230775254017357,0.11230781099592119,5.8455747617425224e-08,5.8455747617425224e-08
4,2,4,9,15,hard_sos_random_psd_gram,CLARABEL,sos,0,optimal,0.2743051758785842,0.005437298,0.09145581698976457,,1.0,True,0.2743051758785842,0.2743051758785842,0.0,0.0
4,2,4,9,15,hard_sos_random_psd_gram,CLARABEL,sdsos_plus,0,infeasible,-inf,0.006576323,0.5118888539727777,,1.0,False,,0.2743051758785842,,
4,2,4,9,15,hard_sos_random_psd_gram,CLARABEL,sos_basis_sdsos,0,optimal,0.2743049476795809,0.010534221,0.5327848950400949,,435247.7526972361,True,0.2743049476795809,0.2743051758785842,2.2819900330484089e-07,2.2819900330484089e-07
